中文名,英文名,影片容量
洛基,Rocky (1976),
洛基2,Rocky II (1979),
洛基3,Rocky III (1982),
洛基4,Rocky IV (1985),
洛基5,Rocky V (1990),
洛基：勇者無懼,Rocky Balboa (2006),
星球大战4：新希望/星球大战：曙光乍现(4K原盘+含国语音轨),Star Wars: Episode IV - A New Hope (1977),52.2G
星球大战2：帝国反击战/星球大战5：帝国反击战(4K原盘+含国语音轨),Star Wars: Episode V - The Empire Strikes Back (1980),54.7G
星球大战3：绝地归来/星球大战6：武士复仇(4K原盘+含国语音轨),Star Wars: Episode VI - Return of the Jedi (1983),50G
星球大战前传1:魅影危机(4K原盘+含国语音轨),Star Wars: Episode I - The Phantom Menace (1999),54.9G
星球大战前传2：克隆人的进攻(4K原盘+含国语音轨),Star Wars: Episode II - Attack of the Clones (2002),52.6G
星球大战前传3：西斯的复仇(4K原盘+含国语次世代),Star Wars: Episode III - Revenge of the Sith (2005),69.6G
星球大战7：原力觉醒(4K原盘+含国语音轨),Star Wars: The Force Awakens (2015),42.5G
星球大战外传：侠盗一号,Rogue One: A Star Wars Story (2016),
星球大战8：最后的绝地武士,Star Wars: The Last Jedi (2017),
星球大战外传：韩索罗,Solo: A Star Wars Story (2018),
星球大战9：天行者崛起/星战9(4K原盘+含国语次世代),Star Wars: The Rise of Skywalker (2019),66.6G
异形,Alien (1979),
异形2,Aliens (1986),
終極戰士,Predator (1987),
終極戰士2,Predator 2 (1990),
异形3,Alien 3 (1992),
异形4：复活,Alien: Resurrection (1997),
异形大战铁血战士,Alien vs. Predator (2004),
异形大战铁血战士2：安魂曲,Aliens vs. Predator: Requiem (2007),
終極戰士3：掠奪者,Predators (2010),
普罗米修斯/异形前传(4K原盘+国语次世代),Prometheus (2012),46.6G
异形：契约/异形：圣约(国语次世代音轨),Alien: Covenant (2017),44.6G
終極戰士：獸獵,The Predator (2018),
异形：夺命舰/异形：罗穆路斯/异形9(4K原盘+国语次世代),Alien: Romulus (2024),60.8G
疯狂的麦克斯,Mad Max (1979),
疯狂的麦克斯2(4K原盘+含国语次世代),Mad Max 2 (1981),58.6G
疯狂的麦克斯3(4K原盘+含国语音轨),Mad Max Beyond Thunderdome (1985),53.8G
疯狂的麦克斯：狂暴之路,Mad Max: Fury Road (2015),
芙莉歐莎：疯狂的麦克斯传奇篇章,Furiosa: A Mad Max Saga (2024),
星际迷航1/星际旅行：无限太空(4K原盘+含国语音轨),Star Trek: The Motion Picture (1979),59.7G
星际迷航2：可汗之怒(4K原盘+含国语音轨),Star Trek: The Wrath of Khan (1982),58.1G
星际迷航3,Star Trek III: The Search for Spock (1984),
星际迷航4：抢救未来(4K原盘+含国语音轨),Star Trek IV: The Voyage Home (1986),61.2G
星际迷航5-终极先锋(4K原盘+含国语音轨),Star Trek V: The Final Frontier (1989),52.9G
星际迷航6-未来之战/星际旅行6:未来之城/星舰奇航记6:迈入未来(4K原盘+含国语音轨),Star Trek VI: The Undiscovered Country (1991),63.9G
星际迷航(重啟),Star Trek (2009),
星际迷航：暗黑无界,Star Trek Into Darkness (2013),
星际迷航：浩瀚无垠,Star Trek Beyond (2016),
印第安納瓊斯：法櫃奇兵,Raiders of the Lost Ark (1981),
印第安納瓊斯：魔宮傳奇,Indiana Jones and the Temple of Doom (1984),
印第安納瓊斯：聖戰奇兵,Indiana Jones and the Last Crusade (1989),
印第安納瓊斯：水晶骷髏王國,Indiana Jones and the Kingdom of the Crystal Skull (2008),
印第安納瓊斯：命運轉輪,Indiana Jones and the Dial of Destiny (2023),
银翼杀手(4K原盘+含国语次世代),Blade Runner (1982),55.5G
银翼杀手2049(4K原盘+国语次世代),Blade Runner 2049 (2017),78.1G
终结者1(4K原盘+含国语次世代),The Terminator (1984),79.9G
终结者2：审判日(4K原盘+含国语音轨),Terminator 2: Judgment Day (1991),90.8G
终结者3：机器之战,Terminator 3: Rise of the Machines (2003),
终结者2018/未来战士2018(港)/未来战士4/终结者4：救世主(4K原盘+含国语音轨),Terminator Salvation (2009),53.1G
终结者：创世纪/终结者5(4K原盘+含国语次世代）,Terminator Genisys (2015),62G
终结者：黑暗命运/未来战士：黑暗命运/终结者6：黑暗宿命/魔鬼终结者：黑暗宿命(4K原盘+含国语次世代),Terminator: Dark Fate (2019),65.8G
侏罗纪公园1(4K原盘+含国语次世代),Jurassic Park (1993),59.8G
侏罗纪公园2(4K原盘+含国语次世代),The Lost World: Jurassic Park (1997),58G
侏罗纪公园3(4K原盘+含国语次世代),Jurassic Park 3 (2001),56.5G
侏罗纪世界(含国语次世代音轨）,Jurassic World (2015),46.5G
侏罗纪世界：殒落国度(4K原盘+含国语次世代),Jurassic World: Fallen Kingdom (2018),82.4G
侏罗纪世界3：统治,Jurassic World Dominion (2022),
侏罗纪世界：重生(4K原盘+国语次世代),Jurassic World: Rebirth (2025),92.8G
碟中谍1,Mission: Impossible (1996),
碟中谍2,Mission: Impossible 2 (2000),
碟中谍3(4K原盘+国语次世代),Mission: Impossible III (2006),65.4G
碟中谍4,Mission: Impossible: Ghost Protocol (2011),
碟中谍5,Mission: Impossible: Rogue Nation (2015),
碟中谍6,Mission: Impossible: Fallout (2018),
碟中谍7：致命清算(上)/不可能的任务：致命清算 第一章/职业特工队：死亡清算上集/碟中谍7(4K原盘+含国语次世代),Mission: Impossible – Dead Reckoning Part One (2023),90.6G
碟中谍8:最终清算/不可能的任务：最终清算/职业特工队：最终清算(4K原盘+含国语次世代),Mission: Impossible - The Final Reckoning (2025),84.9G
黑客帝国1(4K原盘+含国语次世代),The Matrix (1999),68G
黑客帝国2：重装上阵(4K原盘+含国语次世代),The Matrix Reloaded (2003),92.2G
角斗士(4K原盘+国语次世代),Gladiator (2000),83.1G
角斗士2(4K原盘+含国语音轨),Gladiator II (2024),86.5G
X战警1/X-MEN 1(4K原盘+含国语次世代),X-Men (2000),56G
X战警2/X-MEN 2(4K原盘+含国语次世代),X2 (2003),57.6G
X战警3:背水一战/X-MEN 3(4K原盘+含国语次世代）,X-Men: The Last Stand (2006),55.2G
X战警：金钢狼,X-Men Origins: Wolverine (2009),
X战警：第一战(4K原盘+含国语次世代),X-Men: First Class (2011),51.6G
金钢狼：武士之战,The Wolverine (2013),
X战警：逆转未来(4K原盘+含国语次世代),X-Men: Days of Future Past (2014),52.5G
X战警：天启/X战警：启示录(4K原盘+含国语次世代),X-Men: Apocalypse (2016),58G
罗根,Logan (2017),
X战警：黑凤凰/变种特攻：黑凤凰(4K原盘+含国语次世代),X-Men: Dark Phoenix (2019),59.3G
X战警：新变种人/变种人/新异变人(4K原盘),X-Men: The New Mutants (2020),52.1G
速度与激情1(4K原盘+国语次世代),The Fast and the Furious (2001),38.1G
速度与激情2(4K原盘+含国语次世代),2 Fast 2 Furious (2003),
速度与激情3(4K原盘+国语次世代),The Fast and the Furious: Tokyo Drift (2006),64.5G
速度与激情4,Fast & Furious (2009),
速度与激情5(4K原盘+国语次世代),Fast Five (2011),58.1G
速度与激情6(4K原盘+含国语次世代),Fast & Furious 6 (2013),62.7G
速度与激情7(4K原盘+国语次世代音轨),Fast & Furious 7 (2015),53.4G
速度与激情8(4K原盘+含国语次世代),The Fate of the Furious (2017),58.6G
玩命關頭：特戰飛車手,Hobbs & Shaw (2019),
速度与激情9,F9 (2021),
速度与激情10,Fast X (2023),
哈利波特1：神秘的魔法石,Harry Potter and the Philosopher's Stone (2001),
哈利波特2：消失的密室,Harry Potter and the Chamber of Secrets (2002),
哈利波特3：阿兹卡班的囚徒,Harry Potter and the Prisoner of Azkaban (2004),
哈利波特4：火焰杯,Harry Potter and the Goblet of Fire (2005),
哈利波特5：凤凰会的密令,Harry Potter and the Order of the Phoenix (2007),
哈利波特6：混血王子的背叛,Harry Potter and the Half-Blood Prince (2009),
哈利波特7(上)/哈利.波特与死亡圣器(上)(4K原盘+含国语次世代),Harry Potter and the Deathly Hallows: Part 1 (2010),72.3G
哈利波特7(下)/哈利·波特与死亡圣器(下)(4K原盘+含国语次世代),Harry Potter and the Deathly Hallows: Part 2 (2011),55.4G
魔戒首部曲：魔戒现身/魔戒1/指环王1:魔戒再现(4K原盘+加长版+国语次世代),The Lord of the Rings: The Fellowship of the Ring (2001),142.5G
魔戒二部曲：双塔奇兵/魔戒2/指环王2：双塔(4K原盘+加长版+国语次世代),The Lord of the Rings: The Two Towers (2002),138G
魔戒三部曲：国王归来/魔戒3/指环王3：王者无敌(4K原盘+加长版+国语次世代),The Lord of the Rings: The Return of the King (2003),157G
神鬼認證,The Bourne Identity (2002),
神鬼認證2,The Bourne Supremacy (2004),
神鬼認證3,The Bourne Ultimatum (2007),
神鬼認證4,The Bourne Legacy (2012),
神鬼認證：傑森包恩,Jason Bourne (2016),
生化危机1/2002恶灵古堡/生化危机之变种生还(4K原盘+国语次世代),Resident Evil (2002),53.7G
生化危机2：启示录/生化危机之歼灭生还者(4K原盘+国语次世代),Resident Evil: Apocalypse (2004),53.3G
生化危机3：灭绝/恶灵古堡3：劫后余生(4K原盘+国语次世代),Resident Evil: Extinction (2007),
生化危机4：来生/恶灵古堡4：阴阳界(4K原盘+国语次世代),Resident Evil: Afterlife (2010),
生化危机5：惩罚/恶灵古堡5:天谴日/生化危机之灭绝真相(4K原盘+含国语次世代),Resident Evil: Retribution 3D (2012),56.8G
生化危机：终章/生化危机6(4K原盘+含国语次世代),Resident Evil: The Final Chapter (2017),55.5G
加勒比海盜：鬼盜船魔咒,Pirates of the Caribbean: The Curse of the Black Pearl (2003),
加勒比海盜2：聚魂棺,Pirates of the Caribbean: Dead Man's Chest (2006),
加勒比海盜3：世界的盡頭,Pirates of the Caribbean: At World's End (2007),
加勒比海盜4：驚濤怪浪,Pirates of the Caribbean: On Stranger Tides (2011),
加勒比海盜5：死無對證,Pirates of the Caribbean: Dead Men Tell No Tales (2017),
007皇家赌场/007：大战皇家赌场(4K原盘+含国语次世代),Casino Royale (2006),63.3G
007量子危机/007：大破量子危机(4K原盘+含国语次世代),Quantum of Solace (2008),60.6G
007大破天幕杀机(4K原盘+含国语次世代),Skyfall (2012),63.3G
007：幽灵党/007：大破幽灵危机/007：鬼影帝国(4K原盘+含国语次世代),Spectre (2015),69G
007：无暇赴死,No Time to Die (2021),
变形金刚,Transformers (2007),
变形金刚2(4K原盘+国语次世代),Transformers: Revenge of the Fallen (2009),90.7G
变形金刚3：月黑之时,Transformers: Dark of the Moon (2011),
变形金刚4: 绝迹重生(4K原盘+含国语次世代),Transformers: Age of Extinction (2014),94.4G
变形金刚5：最后的骑士,Transformers: The Last Knight (2017),
大黄蜂,Bumblebee (2018),
变形金刚：超能勇士崛起/变形金刚：万兽崛起/变形金刚7(4K原盘+含国语次世代音轨),Transformers: Rise of the Beasts (2023),87.5G
钢铁侠(4K原盘+国语次世代音轨),Iron Man (2008),62.7G
钢铁侠2(4K原盘+含国语次世代),Iron Man 2 (2010),57.2G
钢铁侠3(4K原盘+含国语次世代),Iron Man 3 (2013),72.5G
阿凡达(4K原盘+含国语次世代),Avatar (2009),82.5G
阿凡达：水之道/阿凡达2/阿凡达2：水之道(含国语音轨),Avatar: The Way of Water (2022),36.7G
创：战纪/创：光速战记/电子世界争霸战2(4K原盘+含国语音轨),Tron: Legacy (2010),58.7G
创：战神/创：战纪3(4K原盘+国语次世代),Tron: Ares (2025),58.4G
权力的游戏 第一季,Game of Thrones Season 1 (2011),
权力的游戏/冰与火之歌 第二季(4K原盘),Game of Thrones Season 2 (2012),330G
权力的游戏/冰与火之歌 第三季(4K原盘),Game of Thrones (2013),329G
权力的游戏/冰与火之歌 第四季(4K原盘),Game of Thrones (2014),328G
权力的游戏/冰与火之歌 第五季(4K原盘),Game of Thrones Season 5 (2015),318G
权力的游戏/冰与火之歌 第六季(4K原盘),Game of Thrones Season 6 (2016),315G
权力的游戏/冰与火之歌 第七季(4K原盘),Game of Thrones Season 7 (2017),236G
权力的游戏 第八季/冰与火之歌 第八季(4K原盘),Game of Thrones Season 8 (2019),259G
猩球崛起,Rise of the Planet of the Apes (2011),
猩球崛起2：黎明之戰,Dawn of the Planet of the Apes (2014),
猩球崛起3：終極決戰,War for the Planet of the Apes (2017),
王國降臨,Kingdom of the Planet of the Apes (2024),
复仇者联盟,The Avengers (2012),
复仇者联盟2：奥创纪元,Avengers: Age of Ultron (2015),
复仇者联盟3：无限战争,Avengers: Infinity War (2018),
复仇者联盟4：终局之战,Avengers: Endgame (2019),
霍比特人1：意外之旅(4K原盘+加长版+国语次世代),The Hobbit: An Unexpected Journey (2012),84.4G
霍比特人2：史矛革之战(4K原盘+加长版+国语次世代),The Hobbit: The Desolation of Smaug (2013),95.3G
霍比特人3：五军之战,The Hobbit: The Battle of the Five Armies (2014),
饥饿游戏,The Hunger Games (2012),
饥饿游戏2：星火燎原,The Hunger Games: Catching Fire (2013),
饥饿游戏3：自由幻梦（上）,The Hunger Games: Mockingjay - Part 1 (2014),
饥饿游戏3：自由幻梦（下）,The Hunger Games: Mockingjay - Part 2 (2015),
饥饿游戏：鸣鸟与蛇之歌(4K原盘+含国语音轨),The Hunger Games: The Ballad of Songbirds & Snakes (2023),89.2G
雷神1/雷神(4K原盘+国语次世代音轨),Thor (2011),
雷神2：黑暗世界(4K原盘+国语次世代音轨),Thor: The Dark World (2013),52G
雷神3：诸神黄昏(4K原盘+国语次世代音轨),Thor: Ragnarok (2017),63.1G
银河护卫队(4K原盘+含国语次世代),Guardians of the Galaxy (2014),59.3G
银河护卫队2(4K原盘+含国语次世代),Guardians of the Galaxy Vol. 2 (2017),67G
银河护卫队3/星际异攻队3/银河守护队3(4K原盘+含国语次世代),Guardians of the Galaxy Vol. 3 (2023),66G
移动迷宫(4K原盘+含国语次世代),The Maze Runner (2014),54.9G
移动迷宫2(4K原盘+含国语次世代),Maze Runner: The Scorch Trials (2015),59.5G
移动迷宫3：死亡解药(4K原盘+国语次世代),Maze Runner: The Death Cure (2018),63.5G
哥吉拉,Godzilla (2014),
金剛：骷髏島,Kong: Skull Island (2017),
哥吉拉2：怪獸之王,Godzilla: King of the Monsters (2019),
哥吉拉對金剛,Godzilla vs. Kong (2021),
哥吉拉與金剛：新帝國,Godzilla x Kong: The New Empire (2024),
死侍,Deadpool (2016),
死侍2(4K原盘),Deadpool 2 (2018),56.2G
死侍与金刚狼,Deadpool & Wolverine (2024),
怪兽与它们的产地,Fantastic Beasts and Where to Find Them (2016),
怪兽与葛林戴华德的罪行,Fantastic Beasts: The Crimes of Grindelwald (2018),
怪兽与邓不利多的秘密,Fantastic Beasts: The Secrets of Dumbledore (2022),
疾速特攻/疾速追杀2(4K原盘),John Wick: Chapter 2 (2017),88.4G
疾速追杀4/杀神John Wick4/捍卫任务4/疾速对决/疾速反击(4K原盘+国语次世代),John Wick: Chapter 4 (2023),102G
黑豹(4K原盘+国语次世代),Black Panther (2018),59.3G
黑豹2：瓦干达万岁,Black Panther: Wakanda Forever (2022),
毒液：致命守护者/毒魔(4K原盘+含国语次世代),Venom (2018),60.5G
毒液2：屠杀登场,Venom: Let There Be Carnage (2021),
毒液：最后一舞/毒液3(4K原盘+国语次世代),Venom: The Last Dance (2024),65.1G
火星救援/火星任务(4K原盘+含国语次世代),The Martian (2015),53.5G
头号玩家(4K原盘+含国语次世代),Ready Player One (2018),81.7G
壮志凌云(4K原盘+含国语音轨),Top Gun (1986),65.8G
芬奇/芬奇的旅程/人生/生化,Finch 2021,20G
阿丽塔：战斗天使/铳梦：战斗天使(4K原盘+含国语次世代),Alita: Battle Angel (2019),65.3G
拯救大兵瑞恩/雷霆救兵(4K原盘+国语次世代音轨),Saving Private Ryan (1998),92.5G
星际探索/星际任务/星际救援(4K原盘+含国语次世代),Ad Astra (2019),59.4G
海王(4K原盘+国语次世代),Aquaman (2018),90.7G
海王2：失落的王国/水行侠 失落王国(4K原盘+含国语次世代),Aquaman and the Lost Kingdom (2023),85.8G
第五元素(4K原盘+含国语次世代),The Fifth Element (1997),84.4G
最后生还者/美国末日/末日余生 第一季(4K原盘),The Last of Us Season 1 (2023),249G
最终幻想：灵魂深处(4K原盘+含国语次世代),Final Fantasy: The Spirits Within (2001),60.6G
敦刻尔克/敦刻尔克大撤退(4K原盘+国语音轨),Dunkirk (2017),55.9G
魔兽/魔兽：崛起(4K原盘+含国语次世代),Warcraft (2016),55.6G
